FIPS,COUNTY,STATE,RPL_THEMES
13001,Appling County,Georgia,0.9122
13003,Atkinson County,Georgia,0.8444
13005,Bacon County,Georgia,0.889
13007,Baker County,Georgia,0.7162
13009,Baldwin County,Georgia,0.923
13011,Banks County,Georgia,0.3373
13013,Barrow County,Georgia,0.4887
13015,Bartow County,Georgia,0.454
13017,Ben Hill County,Georgia,0.9265
13019,Berrien County,Georgia,0.6748
13021,Bibb County,Georgia,0.9644
13023,Bleckley County,Georgia,0.7063
13025,Brantley County,Georgia,0.3974
13027,Brooks County,Georgia,0.9275
13029,Bryan County,Georgia,0.3115
13031,Bulloch County,Georgia,0.8374
13033,Burke County,Georgia,0.7483
13035,Butts County,Georgia,0.5565
13037,Calhoun County,Georgia,0.9688
13039,Camden County,Georgia,0.6618
13043,Candler County,Georgia,0.916
13045,Carroll County,Georgia,0.8428
13047,Catoosa County,Georgia,0.3086
13049,Charlton County,Georgia,0.8855
13051,Chatham County,Georgia,0.805
13053,Chattahoochee County,Georgia,0.6554
13055,Chattooga County,Georgia,0.9481
13057,Cherokee County,Georgia,0.1969
13059,Clarke County,Georgia,0.7502
13061,Clay County,Georgia,0.9061
13063,Clayton County,Georgia,0.9488
13065,Clinch County,Georgia,0.9348
13067,Cobb County,Georgia,0.3993
13069,Coffee County,Georgia,0.9609
13071,Colquitt County,Georgia,0.9847
13073,Columbia County,Georgia,0.23
13075,Cook County,Georgia,0.9338
13077,Coweta County,Georgia,0.2402
13079,Crawford County,Georgia,0.6837
13081,Crisp County,Georgia,0.978
13083,Dade County,Georgia,0.4388
13085,Dawson County,Georgia,0.1861
13087,Decatur County,Georgia,0.9679
13089,DeKalb County,Georgia,0.7903
13091,Dodge County,Georgia,0.8559
13093,Dooly County,Georgia,0.9313
13095,Dougherty County,Georgia,0.9761
13097,Douglas County,Georgia,0.7012
13099,Early County,Georgia,0.9357
13101,Echols County,Georgia,0.4623
13103,Effingham County,Georgia,0.2851
13105,Elbert County,Georgia,0.9224
13107,Emanuel County,Georgia,0.9494
13109,Evans County,Georgia,0.9784
13111,Fannin County,Georgia,0.6172
13113,Fayette County,Georgia,0.1686
13115,Floyd County,Georgia,0.9284
13117,Forsyth County,Georgia,0.07
13119,Franklin County,Georgia,0.8314
13121,Fulton County,Georgia,0.6599
13123,Gilmer County,Georgia,0.545
13125,Glascock County,Georgia,0.6621
13127,Glynn County,Georgia,0.7744
13129,Gordon County,Georgia,0.7318
13131,Grady County,Georgia,0.944
13133,Greene County,Georgia,0.5081
13135,Gwinnett County,Georgia,0.6433
13137,Habersham County,Georgia,0.728
13139,Hall County,Georgia,0.8136
13141,Hancock County,Georgia,0.9666
13143,Haralson County,Georgia,0.3089
13145,Harris County,Georgia,0.0675
13147,Hart County,Georgia,0.7681
13149,Heard County,Georgia,0.6459
13151,Henry County,Georgia,0.4018
13153,Houston County,Georgia,0.4887
13155,Irwin County,Georgia,0.8282
13157,Jackson County,Georgia,0.3264
13159,Jasper County,Georgia,0.5492
13161,Jeff Davis County,Georgia,0.8785
13163,Jefferson County,Georgia,0.9583
13165,Jenkins County,Georgia,0.8352
13167,Johnson County,Georgia,0.9322
13169,Jones County,Georgia,0.3675
13171,Lamar County,Georgia,0.4092
13173,Lanier County,Georgia,0.8011
13175,Laurens County,Georgia,0.9014
13177,Lee County,Georgia,0.2606
13179,Liberty County,Georgia,0.9007
13181,Lincoln County,Georgia,0.5488
13183,Long County,Georgia,0.8851
13185,Lowndes County,Georgia,0.8702
13187,Lumpkin County,Georgia,0.3608
13189,McDuffie County,Georgia,0.6567
13191,McIntosh County,Georgia,0.7098
13193,Macon County,Georgia,0.9866
13195,Madison County,Georgia,0.7423
13197,Marion County,Georgia,0.8877
13199,Meriwether County,Georgia,0.9074
13201,Miller County,Georgia,0.945
13205,Mitchell County,Georgia,0.9914
13207,Monroe County,Georgia,0.329
13209,Montgomery County,Georgia,0.7547
13211,Morgan County,Georgia,0.266
13213,Murray County,Georgia,0.6847
13215,Muscogee County,Georgia,0.9446
13217,Newton County,Georgia,0.6577
13219,Oconee County,Georgia,0.0137
13221,Oglethorpe County,Georgia,0.4645
13223,Paulding County,Georgia,0.1429
13225,Peach County,Georgia,0.8772
13227,Pickens County,Georgia,0.3392
13229,Pierce County,Georgia,0.3051
13231,Pike County,Georgia,0.0665
13233,Polk County,Georgia,0.8285
13235,Pulaski County,Georgia,0.9376
13237,Putnam County,Georgia,0.5679
13239,Quitman County,Georgia,0.8202
13241,Rabun County,Georgia,0.441
13243,Randolph County,Georgia,0.9882
13245,Richmond County,Georgia,0.9513
13247,Rockdale County,Georgia,0.777
13249,Schley County,Georgia,0.4973
13251,Screven County,Georgia,0.699
13253,Seminole County,Georgia,0.8813
13255,Spalding County,Georgia,0.8206
13257,Stephens County,Georgia,0.7836
13259,Stewart County,Georgia,0.9736
13261,Sumter County,Georgia,0.9631
13263,Talbot County,Georgia,0.6923
13265,Taliaferro County,Georgia,0.692
13267,Tattnall County,Georgia,0.9287
13269,Taylor County,Georgia,0.9555
13271,Telfair County,Georgia,0.9765
13273,Terrell County,Georgia,0.9809
13275,Thomas County,Georgia,0.8158
13277,Tift County,Georgia,0.8759
13279,Toombs County,Georgia,0.9857
13281,Towns County,Georgia,0.5622
13283,Treutlen County,Georgia,0.9389
13285,Troup County,Georgia,0.9023
13287,Turner County,Georgia,0.9675
13289,Twiggs County,Georgia,0.6538
13291,Union County,Georgia,0.4932
13293,Upson County,Georgia,0.6468
13295,Walker County,Georgia,0.6796
13297,Walton County,Georgia,0.4095
13299,Ware County,Georgia,0.9596
13301,Warren County,Georgia,0.8123
13303,Washington County,Georgia,0.9115
13305,Wayne County,Georgia,0.9434
13307,Webster County,Georgia,0.8447
13309,Wheeler County,Georgia,0.7716
13311,White County,Georgia,0.3455
13313,Whitfield County,Georgia,0.8836
13315,Wilcox County,Georgia,0.8212
13317,Wilkes County,Georgia,0.6083
13319,Wilkinson County,Georgia,0.784
13321,Worth County,Georgia,0.8571
51059,Fairfax County,Virginia,0.2412
